case,solver,setting,unit,relative_l2,vector_rmse,max_vector_difference,elapsed_s
magnetic_block_surface,gauss_legendre,order_4,nt,1.5435017976894962,806.0400233056656,2175.5056159535475,0.017203833034727722
magnetic_block_surface,gauss_legendre,order_8,nt,2.4257734240756195,1266.775633305427,4713.753637511195,0.016738042002543807
magnetic_block_surface,gauss_legendre,order_16,nt,0.4106262486322839,214.43524815645665,516.5295150894224,0.0181923329946585
magnetic_block_surface,gauss_legendre,order_32,nt,0.04995779498756198,26.0887174192814,82.15539546832649,0.021888915973249823
magnetic_block_surface,gauss_legendre,order_64,nt,0.0006499356560148548,0.33940624630667476,1.397403749166697,0.04978437500540167
magnetic_block_surface,gauss_legendre,order_8_panels_4,nt,0.001406088301506287,0.7342806137398151,1.4468825543973303,0.021954875031951815
magnetic_block_surface,direct,refine_1,nt,0.17418489995164313,90.96199371240479,174.4154196677527,0.01786787499440834
magnetic_block_surface,direct,refine_2,nt,0.023883496648268533,12.472323792436462,24.774961837585778,0.016822041012346745
magnetic_block_surface,direct,refine_4,nt,0.0074894569095753484,3.911107865878433,8.806973789660551,0.017138958966825157
magnetic_block_surface,spectral,degree_4,nt,1.0000678324332417,522.2505734482451,1109.6936695684833,0.127553166996222
magnetic_block_surface,spectral,degree_8,nt,1.0002220922272829,522.3311302497791,1109.9584628429332,0.12746912497095764
magnetic_block_surface,spectral,degree_12,nt,1.0002071776376573,522.323341625116,1110.1001019701791,0.1587784580187872
magnetic_block_surface,spectral,degree_24,nt,0.9939844761420821,519.0737526281832,1037.249909657407,1.3888848749920726
magnetic_block_orbital,gauss_legendre,order_4,nt,0.004923504129782206,0.3429294820274831,1.1812270259453181,0.014900041045621037
magnetic_block_orbital,gauss_legendre,order_8,nt,4.464613056767102e-06,0.00031096702727413113,0.0010482812207934318,0.014416041027288884
magnetic_block_orbital,gauss_legendre,order_16,nt,1.76285285120796e-12,1.2278535758680461e-10,5.060280013864468e-10,0.015155041008256376
magnetic_block_orbital,gauss_legendre,order_32,nt,1.4454774878628453e-15,1.0067968526658278e-13,2.455010144498838e-13,0.017513833998236805
magnetic_block_orbital,gauss_legendre,order_64,nt,8.2357374714311e-16,5.736315255852408e-14,1.3101760682293512e-13,0.04471170803299174
magnetic_block_orbital,gauss_legendre,order_8_panels_4,nt,8.595397790583498e-15,5.98682408798012e-13,1.1338445492196283e-12,0.019612832984421402
magnetic_block_orbital,direct,refine_1,nt,0.0012327388112857497,0.08586211586017245,0.13866010242717372,0.015397000010125339
magnetic_block_orbital,direct,refine_2,nt,0.00031531428621696834,0.021962115192342434,0.03485835141755429,0.014242250006645918
magnetic_block_orbital,direct,refine_4,nt,0.00011858834807174921,0.008259857147827513,0.014558330131082252,0.015516292012762278
magnetic_block_orbital,spectral,degree_4,nt,1.0013435243438835,69.74508542760427,117.44985839454166,0.12711808300809935
magnetic_block_orbital,spectral,degree_8,nt,1.0036602894010644,69.90645160504539,117.75357893502817,0.12875062500825152
magnetic_block_orbital,spectral,degree_12,nt,1.0023898095271198,69.81796076729778,117.6213048806183,0.15974258299684152
magnetic_block_orbital,spectral,degree_24,nt,0.809705718443265,56.39722346139738,90.7264787597139,1.3955612909630872
magnetic_concave_polygon_orbital,gauss_legendre,order_4,nt,0.003383263542907649,0.1711340779620803,0.6171062936536935,0.016738792008254677
magnetic_concave_polygon_orbital,gauss_legendre,order_8,nt,2.7339490789845667e-06,0.00013829010034057337,0.0006211170387355781,0.016612542036455125
magnetic_concave_polygon_orbital,gauss_legendre,order_16,nt,1.2467887143536167e-12,6.306574534866435e-11,3.3746392522023e-10,0.01768129103584215
magnetic_concave_polygon_orbital,gauss_legendre,order_32,nt,1.5313898690694542e-15,7.746159585854811e-14,1.59619185532887e-13,0.0279945419752039
magnetic_concave_polygon_orbital,gauss_legendre,order_64,nt,7.479855219026807e-16,3.783501078068242e-14,1.0253749628689812e-13,0.10577262501465157
magnetic_concave_polygon_orbital,gauss_legendre,order_8_panels_4,nt,5.5099050348477385e-15,2.7870501539082446e-13,6.693071193179304e-13,0.025623083987738937
magnetic_concave_polygon_orbital,direct,refine_1,nt,0.7410549406514686,37.48444434767313,72.88904127585691,0.013810875010676682
magnetic_concave_polygon_orbital,direct,refine_2,nt,0.7404536351816683,37.454028787122574,72.82638372423386,0.013642790960147977
magnetic_concave_polygon_orbital,direct,refine_4,nt,0.7402990126248973,37.44620758479837,72.81035240645481,0.014018333982676268
magnetic_concave_polygon_orbital,spectral,degree_4,nt,1.0014870310080501,50.65776208945549,88.95160064179915,0.09564725001109764
magnetic_concave_polygon_orbital,spectral,degree_8,nt,1.004070316031148,50.78843121851812,89.1912705666953,0.09964933304581791
magnetic_concave_polygon_orbital,spectral,degree_12,nt,1.0025264433081353,50.710338208147284,89.07009747860268,0.12705562496557832
magnetic_concave_polygon_orbital,spectral,degree_24,nt,1.2286889406731836,62.15021274505842,106.61833654840365,1.267891708004754
gravity_sloping_polygon_orbital,gauss_legendre,order_4,mgal,0.00016176361247999054,0.001499299878854824,0.004975073268181212,0.014900874986778945
gravity_sloping_polygon_orbital,gauss_legendre,order_8,mgal,1.816062421089312e-08,1.6832105355391994e-07,6.138004910630868e-07,0.014321082970127463
gravity_sloping_polygon_orbital,gauss_legendre,order_16,mgal,2.48606720721267e-15,2.3042019187473114e-14,1.0069595836255179e-13,0.013794084021355957
gravity_sloping_polygon_orbital,gauss_legendre,order_32,mgal,1.8038872716010815e-15,1.6719260446250256e-14,3.4310023110106684e-14,0.019252500031143427
gravity_sloping_polygon_orbital,gauss_legendre,order_64,mgal,1.0951052238610582e-15,1.0149941042342044e-14,1.855102611454866e-14,0.06070704205194488
gravity_sloping_polygon_orbital,gauss_legendre,order_8_panels_4,mgal,2.8082571841862215e-15,2.6028224713171524e-14,4.641582096618738e-14,0.020093833038117737
gravity_sloping_polygon_orbital,direct,refine_1,mgal,0.0032369241957069307,0.030001308576648903,0.050790610236127985,0.013265083020087332
gravity_sloping_polygon_orbital,direct,refine_2,mgal,0.0008206596949579053,0.007606253114455028,0.01274930360544399,0.013146083045285195
gravity_sloping_polygon_orbital,direct,refine_4,mgal,0.0002628798782653999,0.002436492135618187,0.004404811924639649,0.013414583983831108
gravity_sloping_polygon_orbital,spectral,degree_4,mgal,0.9934941652354047,9.208162816991164,15.174784537200047,0.04654341598507017
gravity_sloping_polygon_orbital,spectral,degree_8,mgal,0.980620941989489,9.088847837823895,15.018559570340612,0.049849624978378415
gravity_sloping_polygon_orbital,spectral,degree_12,mgal,0.9667111353917046,8.959925325355078,14.853407759357975,0.06831841700477526
gravity_sloping_polygon_orbital,spectral,degree_24,mgal,0.953435184146206,8.836877677068163,13.073189191406556,1.0635386659996584
magnetic_block_far,gauss_legendre,order_4,nt,2.0235428082043443e-15,2.0462493412740923e-19,2.1905261181403524e-19,0.014792374975513667
magnetic_block_far,gauss_legendre,order_8,nt,2.4447708361848627e-15,2.4722040437328895e-19,2.620276947483189e-19,0.013302708975970745
magnetic_block_far,gauss_legendre,order_16,nt,1.4077048279184547e-15,1.4235009336879882e-19,1.5306707992676776e-19,0.013102833996526897
magnetic_block_far,gauss_legendre,order_32,nt,4.566009331746382e-17,4.617245333014909e-21,1.5152185993940876e-20,0.016379375010728836
magnetic_block_far,gauss_legendre,order_64,nt,6.902825352776836e-16,6.980283181448426e-20,8.159701876572675e-20,0.044872916012536734
magnetic_block_far,gauss_legendre,order_8_panels_4,nt,2.515557363322148e-15,2.543784879057191e-19,2.649683694571567e-19,0.017063790990505368
magnetic_block_far,direct,refine_1,nt,0.001019067863334415,1.0305030047336001e-07,1.082752915783869e-07,0.013519083033315837
magnetic_block_far,direct,refine_2,nt,0.0008847369079752646,8.94664697877962e-08,9.395845864367799e-08,0.01325675001135096
magnetic_block_far,direct,refine_4,nt,0.0008230676247172196,8.323034126449605e-08,8.807576445612267e-08,0.014426750014536083
magnetic_block_far,spectral,degree_4,nt,0.04137313737685072,4.183739269590687e-06,4.353721782022335e-06,0.12447837501531467
magnetic_block_far,spectral,degree_8,nt,0.0005076415466161913,5.133378825271905e-08,5.4465764959689564e-08,0.12785604101372883
magnetic_block_far,spectral,degree_12,nt,4.312150266021033e-06,4.3605376696480493e-10,4.719148626082926e-10,0.15813879197230563
magnetic_block_far,spectral,degree_24,nt,9.844365445121653e-07,9.954830817351012e-11,1.0086170200119993e-10,1.4051089160493575
gravity_block_far,gauss_legendre,order_4,mgal,2.0788206364650847e-15,4.822791183772688e-18,5.092577354838777e-18,0.014923957991413772
gravity_block_far,gauss_legendre,order_8,mgal,2.4589624596662534e-15,5.7047069206855994e-18,6.072500126413762e-18,0.01496929198037833
gravity_block_far,gauss_legendre,order_16,mgal,1.4071207769924466e-15,3.2644709979992193e-18,3.538221987984553e-18,0.01435933297034353
gravity_block_far,gauss_legendre,order_32,mgal,8.291696181273794e-17,1.9236445194025072e-19,4.370558682921689e-19,0.017105999984778464
gravity_block_far,gauss_legendre,order_64,mgal,6.953474706459455e-16,1.6131818167787509e-18,1.951563910473908e-18,0.03754762501921505
gravity_block_far,gauss_legendre,order_8_panels_4,mgal,2.517904654673357e-15,5.841450751993647e-18,6.087001062749907e-18,0.01770658395253122
gravity_block_far,direct,refine_1,mgal,7.437124464918315e-07,1.72538686950016e-09,4.575339409504664e-09,0.013550166971981525
gravity_block_far,direct,refine_2,mgal,7.042334332845729e-07,1.6337969393733473e-09,3.1542964694784034e-09,0.013363500009290874
gravity_block_far,direct,refine_4,mgal,7.656211117770627e-07,1.776214206853088e-09,3.3997447241596874e-09,0.01462950004497543
gravity_block_far,spectral,degree_4,mgal,0.5572588010545607,0.0012928209320529386,0.0012929062351981395,0.09069033298874274
gravity_block_far,spectral,degree_8,mgal,0.5521367217523686,0.0012809378871822652,0.001281225899263192,0.09250608301954344
gravity_block_far,spectral,degree_12,mgal,0.5523167462890604,0.001281355537812238,0.001281803749848855,0.1201155410381034
gravity_block_far,spectral,degree_24,mgal,0.5523087175630679,0.0012813369114486862,0.001281382618038151,1.2525599999935366
